{"Train Loss": 0.13912656903266907, "Test Loss": 0.14606186747550964, "Train Accuracy": 94.464, "Test Accuracy": 94.256, "_timestamp": 1688003209, "_runtime": 1212, "_step": 87899, "_wandb": {"runtime": 1209}}