{"Train Loss": 0.19298115372657776, "Test Loss": 0.21371173858642578, "Train Accuracy": 92.4, "Test Accuracy": 91.36, "_timestamp": 1688027475, "_runtime": 9, "_step": 234, "_wandb": {"runtime": 9}}