{"Train Loss": 0.15870873630046844, "Test Loss": 0.18401463329792023, "Train Accuracy": 93.65333333333334, "Test Accuracy": 92.36, "_timestamp": 1688027201, "_runtime": 10, "_step": 234, "_wandb": {"runtime": 9}}