{"Train Loss": 0.45048269629478455, "Test Loss": 0.48361262679100037, "Train Accuracy": 78.70666666666666, "Test Accuracy": 76.55999999999999, "_timestamp": 1687968094, "_runtime": 87, "_step": 23499, "_wandb": {"runtime": 86}}