{"Train Loss": 0.18640518188476562, "Test Loss": 0.20292101800441742, "Train Accuracy": 92.86666666666666, "Test Accuracy": 92.04, "_timestamp": 1688010439, "_runtime": 9, "_step": 234, "_wandb": {"runtime": 9}}