{"Train Loss": 0.14434391260147095, "Test Loss": 0.17134764790534973, "Train Accuracy": 94.42666666666668, "Test Accuracy": 93.44, "_timestamp": 1688005430, "_runtime": 315, "_step": 35249, "_wandb": {"runtime": 313}}