{"Train Loss": 0.14316758513450623, "Test Loss": 0.14942006766796112, "Train Accuracy": 94.29333333333332, "Test Accuracy": 94.096, "_timestamp": 1687970924, "_runtime": 1192, "_step": 87899, "_wandb": {"runtime": 1191}}