{"Train Loss": 0.16866467893123627, "Test Loss": 0.1895180642604828, "Train Accuracy": 93.61333333333334, "Test Accuracy": 92.32000000000001, "_timestamp": 1688027077, "_runtime": 10, "_step": 234, "_wandb": {"runtime": 9}}