{"Train Loss": 0.14460983872413635, "Test Loss": 0.18536363542079926, "Train Accuracy": 94.17333333333333, "Test Accuracy": 92.92, "_timestamp": 1688145496, "_runtime": 522, "_step": 58749, "_wandb": {"runtime": 521}}