{"Train Loss": 0.13869507610797882, "Test Loss": 0.14356374740600586, "Train Accuracy": 94.41066666666667, "Test Accuracy": 94.208, "_timestamp": 1687969717, "_runtime": 1334, "_step": 98911}